mean_fit_time,std_fit_time,mean_score_time,std_score_time,param_estimator__regressor__gamma,param_estimator__regressor__max_depth,param_estimator__regressor__min_child_weight,param_estimator__regressor__n_estimators,params,split0_test_score,split1_test_score,split2_test_score,split3_test_score,split4_test_score,mean_test_score,std_test_score,rank_test_score,split0_train_score,split1_train_score,split2_train_score,split3_train_score,split4_train_score,mean_train_score,std_train_score
0.10495696067810059,0.010247523850999734,0.010684633255004882,0.0035198432594648653,10,1,25,500,"{'estimator__regressor__gamma': 10, 'estimator__regressor__max_depth': 1, 'estimator__regressor__min_child_weight': 25, 'estimator__regressor__n_estimators': 500}",-0.6189663759152237,-0.6060139078379276,-0.5915144444698793,-0.6046889420918462,-0.605529535995446,-0.6053426412620646,0.008691812509315569,124,-0.6016278169519643,-0.6037758078104049,-0.6070718523387306,-0.6031826545157857,-0.6009481934752997,-0.603321265018437,0.0021350392113968553
0.1038393497467041,0.004307045296204674,0.012713432312011719,0.002593045959838626,10,1,25,550,"{'estimator__regressor__gamma': 10, 'estimator__regressor__max_depth': 1, 'estimator__regressor__min_child_weight': 25, 'estimator__regressor__n_estimators': 550}",-0.6189663277666898,-0.6060139078379276,-0.5915144444698793,-0.6046889420918462,-0.605529560603925,-0.6053426365540536,0.008691797521352827,121,-0.6016278169519643,-0.6037758078104049,-0.6070718523387306,-0.6031826545157857,-0.6009481934752997,-0.603321265018437,0.0021350392113968553
0.09848241806030274,0.009193978050837992,0.014977598190307617,0.0053939539260825075,10,1,25,600,"{'estimator__regressor__gamma': 10, 'estimator__regressor__max_depth': 1, 'estimator__regressor__min_child_weight': 25, 'estimator__regressor__n_estimators': 600}",-0.6189663277666898,-0.6060139078379276,-0.5915144444698793,-0.6046889174491573,-0.605529560603925,-0.6053426316255159,0.008691797892024872,118,-0.6016278169519643,-0.6037758078104049,-0.6070718523387306,-0.6031826545157857,-0.6009481934752997,-0.603321265018437,0.0021350392113968553
0.08810305595397949,0.005716102352455408,0.014563560485839844,0.005544954428139831,10,1,50,500,"{'estimator__regressor__gamma': 10, 'estimator__regressor__max_depth': 1, 'estimator__regressor__min_child_weight': 50, 'estimator__regressor__n_estimators': 500}",-0.6189663759152237,-0.6060139078379276,-0.5915144444698793,-0.6046889420918462,-0.605529535995446,-0.6053426412620646,0.008691812509315569,124,-0.6016278169519643,-0.6037758078104049,-0.6070718523387306,-0.6031826545157857,-0.6009481934752997,-0.603321265018437,0.0021350392113968553
0.09584503173828125,0.014430523526427068,0.016407346725463866,0.0035608001854720932,10,1,50,550,"{'estimator__regressor__gamma': 10, 'estimator__regressor__max_depth': 1, 'estimator__regressor__min_child_weight': 50, 'estimator__regressor__n_estimators': 550}",-0.6189663277666898,-0.6060139078379276,-0.5915144444698793,-0.6046889420918462,-0.605529560603925,-0.6053426365540536,0.008691797521352827,121,-0.6016278169519643,-0.6037758078104049,-0.6070718523387306,-0.6031826545157857,-0.6009481934752997,-0.603321265018437,0.0021350392113968553
0.09131722450256348,0.012978293819187126,0.020284414291381836,0.0062674078868452335,10,1,50,600,"{'estimator__regressor__gamma': 10, 'estimator__regressor__max_depth': 1, 'estimator__regressor__min_child_weight': 50, 'estimator__regressor__n_estimators': 600}",-0.6189663277666898,-0.6060139078379276,-0.5915144444698793,-0.6046889174491573,-0.605529560603925,-0.6053426316255159,0.008691797892024872,118,-0.6016278169519643,-0.6037758078104049,-0.6070718523387306,-0.6031826545157857,-0.6009481934752997,-0.603321265018437,0.0021350392113968553
0.09371085166931152,0.011751085171552562,0.015511798858642577,0.002891410445537111,10,1,,500,"{'estimator__regressor__gamma': 10, 'estimator__regressor__max_depth': 1, 'estimator__regressor__min_child_weight': None, 'estimator__regressor__n_estimators': 500}",-0.6189663759152237,-0.6060139078379276,-0.5915144444698793,-0.6046889420918462,-0.605529535995446,-0.6053426412620646,0.008691812509315569,124,-0.6016278169519643,-0.6037758078104049,-0.6070718523387306,-0.6031826545157857,-0.6009481934752997,-0.603321265018437,0.0021350392113968553
0.0981989860534668,0.007235284684088034,0.016441917419433592,0.003671548001724737,10,1,,550,"{'estimator__regressor__gamma': 10, 'estimator__regressor__max_depth': 1, 'estimator__regressor__min_child_weight': None, 'estimator__regressor__n_estimators': 550}",-0.6189663277666898,-0.6060139078379276,-0.5915144444698793,-0.6046889420918462,-0.605529560603925,-0.6053426365540536,0.008691797521352827,121,-0.6016278169519643,-0.6037758078104049,-0.6070718523387306,-0.6031826545157857,-0.6009481934752997,-0.603321265018437,0.0021350392113968553
0.10273556709289551,0.00616724739272896,0.014120006561279297,0.002956870303885208,10,1,,600,"{'estimator__regressor__gamma': 10, 'estimator__regressor__max_depth': 1, 'estimator__regressor__min_child_weight': None, 'estimator__regressor__n_estimators': 600}",-0.6189663277666898,-0.6060139078379276,-0.5915144444698793,-0.6046889174491573,-0.605529560603925,-0.6053426316255159,0.008691797892024872,118,-0.6016278169519643,-0.6037758078104049,-0.6070718523387306,-0.6031826545157857,-0.6009481934752997,-0.603321265018437,0.0021350392113968553
0.09581880569458008,0.010007851191738653,0.014249038696289063,0.005997170619435549,10,5,25,500,"{'estimator__regressor__gamma': 10, 'estimator__regressor__max_depth': 5, 'estimator__regressor__min_child_weight': 25, 'estimator__regressor__n_estimators': 500}",-0.4869951017767908,-0.46268725857180243,-0.4605122722280675,-0.4642429636697816,-0.46711424888037023,-0.4683103690253625,0.009586692991361306,46,-0.45788603507805214,-0.4658197846799535,-0.4559024662940976,-0.4500186101720998,-0.45356316592464735,-0.4566380124297701,0.005285351408969541
0.10081944465637208,0.01985820317420328,0.015270566940307618,0.006802808113471943,10,5,25,550,"{'estimator__regressor__gamma': 10, 'estimator__regressor__max_depth': 5, 'estimator__regressor__min_child_weight': 25, 'estimator__regressor__n_estimators': 550}",-0.4869951017767908,-0.46268725857180243,-0.4605122722280675,-0.4642429636697816,-0.46711424888037023,-0.4683103690253625,0.009586692991361306,46,-0.45788603507805214,-0.4658197846799535,-0.4559024662940976,-0.4500186101720998,-0.45356316592464735,-0.4566380124297701,0.005285351408969541
0.10277199745178223,0.009175328205442989,0.016848230361938478,0.001606821490108762,10,5,25,600,"{'estimator__regressor__gamma': 10, 'estimator__regressor__max_depth': 5, 'estimator__regressor__min_child_weight': 25, 'estimator__regressor__n_estimators': 600}",-0.4869951017767908,-0.46268725857180243,-0.4605123045858603,-0.46424297971866346,-0.46711424888037023,-0.46831037870669745,0.009586686365380893,48,-0.45788603507805214,-0.4658197846799535,-0.4559024662940976,-0.4500186101720998,-0.45356316592464735,-0.4566380124297701,0.005285351408969541
0.08139362335205078,0.01721050536466344,0.013495874404907227,0.002690398139920639,10,5,50,500,"{'estimator__regressor__gamma': 10, 'estimator__regressor__max_depth': 5, 'estimator__regressor__min_child_weight': 50, 'estimator__regressor__n_estimators': 500}",-0.5094763567195824,-0.4609503340146722,-0.46965681418701577,-0.47408677201821287,-0.4650091470054586,-0.4758358847889884,0.017388039185544695,49,-0.48503008505823453,-0.46290631810880983,-0.46810622512489514,-0.4665843048672657,-0.45356627057471416,-0.46723864074678384,0.010231510879097197
0.08748402595520019,0.005582643417412044,0.016964817047119142,0.004211637336252261,10,5,50,550,"{'estimator__regressor__gamma': 10, 'estimator__regressor__max_depth': 5, 'estimator__regressor__min_child_weight': 50, 'estimator__regressor__n_estimators': 550}",-0.5094763567195824,-0.4609503340146722,-0.46965681418701577,-0.47408677201821287,-0.4650091470054586,-0.4758358847889884,0.017388039185544695,49,-0.48503008505823453,-0.46290631810880983,-0.46810622512489514,-0.4665843048672657,-0.45356627057471416,-0.46723864074678384,0.010231510879097197
0.10315208435058594,0.010682435142171156,0.01917243003845215,0.004806219178670472,10,5,50,600,"{'estimator__regressor__gamma': 10, 'estimator__regressor__max_depth': 5, 'estimator__regressor__min_child_weight': 50, 'estimator__regressor__n_estimators': 600}",-0.5094763567195824,-0.4609503340146722,-0.46965681418701577,-0.47408677201821287,-0.4650091470054586,-0.4758358847889884,0.017388039185544695,49,-0.48503008505823453,-0.46290631810880983,-0.46810622512489514,-0.4665843048672657,-0.45356627057471416,-0.46723864074678384,0.010231510879097197
0.08533968925476074,0.015490744676252102,0.013350629806518554,0.0023526996390571013,10,5,,500,"{'estimator__regressor__gamma': 10, 'estimator__regressor__max_depth': 5, 'estimator__regressor__min_child_weight': None, 'estimator__regressor__n_estimators': 500}",-0.4837381113548125,-0.4476726795263998,-0.4592901307162555,-0.4693746378575946,-0.46437637490624756,-0.464890386872262,0.011861043365837945,43,-0.45687876708934244,-0.45315392171704744,-0.457179803424958,-0.4550698570188018,-0.4566750401694475,-0.45579147788391944,0.0015078307028917146
0.09245424270629883,0.011928048616455819,0.015842151641845704,0.007024290597767757,10,5,,550,"{'estimator__regressor__gamma': 10, 'estimator__regressor__max_depth': 5, 'estimator__regressor__min_child_weight': None, 'estimator__regressor__n_estimators': 550}",-0.4837381113548125,-0.4476726795263998,-0.4592901307162555,-0.4693746378575946,-0.46437637490624756,-0.464890386872262,0.011861043365837945,43,-0.45687876708934244,-0.45315392171704744,-0.457179803424958,-0.4550698570188018,-0.4566750401694475,-0.45579147788391944,0.0015078307028917146
0.0957676887512207,0.007463856993536626,0.017052698135375976,0.006893904865653323,10,5,,600,"{'estimator__regressor__gamma': 10, 'estimator__regressor__max_depth': 5, 'estimator__regressor__min_child_weight': None, 'estimator__regressor__n_estimators': 600}",-0.4837381113548125,-0.4476726795263998,-0.4592901307162555,-0.4693746378575946,-0.46437637490624756,-0.464890386872262,0.011861043365837945,43,-0.45687876708934244,-0.45315392171704744,-0.457179803424958,-0.4550698570188018,-0.456675056484288,-0.45579148114688756,0.0015078326149465747
0.08754758834838867,0.013409592311925586,0.013909006118774414,0.0035758426292333352,10,10,25,500,"{'estimator__regressor__gamma': 10, 'estimator__regressor__max_depth': 10, 'estimator__regressor__min_child_weight': 25, 'estimator__regressor__n_estimators': 500}",-0.45464389369072883,-0.4438818319359431,-0.43267418892737497,-0.45052970664339537,-0.4482397440924774,-0.44599387305798394,0.007514190349005317,31,-0.43203948221762095,-0.44368847635400593,-0.4225646139993925,-0.43802493823377436,-0.4328707259912025,-0.4338376473591993,0.007011730923143245
0.09705142974853516,0.006814781938280642,0.013293981552124023,0.0028641587516815654,10,10,25,550,"{'estimator__regressor__gamma': 10, 'estimator__regressor__max_depth': 10, 'estimator__regressor__min_child_weight': 25, 'estimator__regressor__n_estimators': 550}",-0.45464389369072883,-0.4438818319359431,-0.43267418892737497,-0.45052970664339537,-0.4482397440924774,-0.44599387305798394,0.007514190349005317,31,-0.43203948221762095,-0.44368847635400593,-0.4225646139993925,-0.43802493823377436,-0.4328707259912025,-0.4338376473591993,0.007011730923143245
0.1004570484161377,0.004148022929223604,0.01613616943359375,0.003508431061798742,10,10,25,600,"{'estimator__regressor__gamma': 10, 'estimator__regressor__max_depth': 10, 'estimator__regressor__min_child_weight': 25, 'estimator__regressor__n_estimators': 600}",-0.45464389369072883,-0.4438818319359431,-0.43267418892737497,-0.45052970664339537,-0.4482397440924774,-0.44599387305798394,0.007514190349005317,31,-0.43203948221762095,-0.44368847635400593,-0.4225646139993925,-0.43802493823377436,-0.4328707259912025,-0.4338376473591993,0.007011730923143245
0.0835538387298584,0.013009556439578901,0.013286733627319336,0.007938698649168208,10,10,50,500,"{'estimator__regressor__gamma': 10, 'estimator__regressor__max_depth': 10, 'estimator__regressor__min_child_weight': 50, 'estimator__regressor__n_estimators': 500}",-0.46906555998208804,-0.4473628309139774,-0.45000505047189254,-0.45327097087199414,-0.46838199156813193,-0.45761728076161684,0.009262098003972496,34,-0.44351307897624836,-0.4486467119321538,-0.43914209167094387,-0.4400516587785583,-0.4546584293733546,-0.44520239414625173,0.005786035843136919
0.08760600090026856,0.014157944879405082,0.01950230598449707,0.00549655221759047,10,10,50,550,"{'estimator__regressor__gamma': 10, 'estimator__regressor__max_depth': 10, 'estimator__regressor__min_child_weight': 50, 'estimator__regressor__n_estimators': 550}",-0.46906555998208804,-0.4473628309139774,-0.45000505047189254,-0.45327097087199414,-0.46838199156813193,-0.45761728076161684,0.009262098003972496,34,-0.44351307897624836,-0.4486467119321538,-0.43914209167094387,-0.4400516587785583,-0.4546584293733546,-0.44520239414625173,0.005786035843136919
0.10438098907470703,0.008910853922442641,0.017247581481933595,0.0035366253415895616,10,10,50,600,"{'estimator__regressor__gamma': 10, 'estimator__regressor__max_depth': 10, 'estimator__regressor__min_child_weight': 50, 'estimator__regressor__n_estimators': 600}",-0.46906555998208804,-0.4473628309139774,-0.45000505047189254,-0.45327097087199414,-0.46838199156813193,-0.45761728076161684,0.009262098003972496,34,-0.44351307897624836,-0.4486467119321538,-0.43914209167094387,-0.4400516587785583,-0.4546584293733546,-0.44520239414625173,0.005786035843136919
0.08802652359008789,0.00867849094771888,0.017922449111938476,0.005016400075603634,10,10,,500,"{'estimator__regressor__gamma': 10, 'estimator__regressor__max_depth': 10, 'estimator__regressor__min_child_weight': None, 'estimator__regressor__n_estimators': 500}",-0.47011881290371926,-0.42756654765177815,-0.4233269607009227,-0.457947114936453,-0.4413595259251554,-0.4440637924236057,0.017782570502972706,28,-0.4447406811791273,-0.4257905066647612,-0.4157594778731941,-0.44752544868821376,-0.42541207924118307,-0.4318456387292959,0.01223894148384702
0.08692512512207032,0.006008425075342348,0.01964559555053711,0.0030758152878757926,10,10,,550,"{'estimator__regressor__gamma': 10, 'estimator__regressor__max_depth': 10, 'estimator__regressor__min_child_weight': None, 'estimator__regressor__n_estimators': 550}",-0.47011881290371926,-0.42756654765177815,-0.4233269607009227,-0.457947114936453,-0.4413595259251554,-0.4440637924236057,0.017782570502972706,28,-0.4447406811791273,-0.4257905066647612,-0.4157594778731941,-0.44752544868821376,-0.42541207924118307,-0.4318456387292959,0.01223894148384702
0.10583615303039551,0.005937299392991222,0.013133049011230469,0.0035339930040244093,10,10,,600,"{'estimator__regressor__gamma': 10, 'estimator__regressor__max_depth': 10, 'estimator__regressor__min_child_weight': None, 'estimator__regressor__n_estimators': 600}",-0.47011881290371926,-0.42756654765177815,-0.4233269607009227,-0.457947114936453,-0.4413595259251554,-0.4440637924236057,0.017782570502972706,28,-0.4447406811791273,-0.4257905066647612,-0.4157594778731941,-0.44752544868821376,-0.42541207924118307,-0.4318456387292959,0.01223894148384702
0.09675979614257812,0.012213369697373888,0.019821023941040038,0.007210216235463363,10,,25,500,"{'estimator__regressor__gamma': 10, 'estimator__regressor__max_depth': None, 'estimator__regressor__min_child_weight': 25, 'estimator__regressor__n_estimators': 500}",-0.4736460418426657,-0.44769915762910034,-0.46071470662981745,-0.47171055157699243,-0.4519609264336786,-0.4611462768224509,0.010326954593159543,37,-0.44453958728125303,-0.45188198931025436,-0.4563261118855716,-0.4568305593812531,-0.4406930850568702,-0.45005426658304043,0.006428657174263354
0.08618249893188476,0.018753305214424438,0.015017461776733399,0.005892864516181041,10,,25,550,"{'estimator__regressor__gamma': 10, 'estimator__regressor__max_depth': None, 'estimator__regressor__min_child_weight': 25, 'estimator__regressor__n_estimators': 550}",-0.4736460418426657,-0.44769915762910034,-0.46071470662981745,-0.47171055157699243,-0.4519609264336786,-0.4611462768224509,0.010326954593159543,37,-0.44453958728125303,-0.45188198931025436,-0.4563261118855716,-0.4568305593812531,-0.4406930850568702,-0.45005426658304043,0.006428657174263354
0.11129622459411621,0.020381355199743604,0.019716167449951173,0.0058991794170188735,10,,25,600,"{'estimator__regressor__gamma': 10, 'estimator__regressor__max_depth': None, 'estimator__regressor__min_child_weight': 25, 'estimator__regressor__n_estimators': 600}",-0.4736460418426657,-0.44769915762910034,-0.46071470662981745,-0.47171055157699243,-0.4519609264336786,-0.4611462768224509,0.010326954593159543,37,-0.44453958728125303,-0.45188198931025436,-0.4563261118855716,-0.4568305593812531,-0.4406930850568702,-0.45005426658304043,0.006428657174263354
0.09033913612365722,0.02404697035985265,0.011832284927368163,0.0037974170223884973,10,,50,500,"{'estimator__regressor__gamma': 10, 'estimator__regressor__max_depth': None, 'estimator__regressor__min_child_weight': 50, 'estimator__regressor__n_estimators': 500}",-0.49424713856452945,-0.4774956556691774,-0.4723838778002484,-0.4768419697022874,-0.45905985110189285,-0.4760056985676272,0.011277843647955607,52,-0.47186386272095504,-0.47259984586255516,-0.4654179720858871,-0.4671398323517567,-0.4493335411354758,-0.46527101083132594,0.008422523977351059
0.0891942024230957,0.02160923545770559,0.018746185302734374,0.006462928077538812,10,,50,550,"{'estimator__regressor__gamma': 10, 'estimator__regressor__max_depth': None, 'estimator__regressor__min_child_weight': 50, 'estimator__regressor__n_estimators': 550}",-0.49424713856452945,-0.4774956556691774,-0.4723838778002484,-0.4768419697022874,-0.45905985110189285,-0.4760056985676272,0.011277843647955607,52,-0.4718638785106373,-0.47259984586255516,-0.4654179720858871,-0.4671398323517567,-0.4493335411354758,-0.46527101398926246,0.008422526449273285
0.08867287635803223,0.016222580894286846,0.017007112503051758,0.008862978412712032,10,,50,600,"{'estimator__regressor__gamma': 10, 'estimator__regressor__max_depth': None, 'estimator__regressor__min_child_weight': 50, 'estimator__regressor__n_estimators': 600}",-0.49424713856452945,-0.4774956556691774,-0.4723838778002484,-0.4768419697022874,-0.45905985110189285,-0.4760056985676272,0.011277843647955607,52,-0.4718638785106373,-0.47259984586255516,-0.4654179720858871,-0.4671398323517567,-0.4493335411354758,-0.46527101398926246,0.008422526449273285
0.09431748390197754,0.014447149573357807,0.01296238899230957,0.0065518902091499884,10,,,500,"{'estimator__regressor__gamma': 10, 'estimator__regressor__max_depth': None, 'estimator__regressor__min_child_weight': None, 'estimator__regressor__n_estimators': 500}",-0.47863819343134306,-0.44943955012217135,-0.46643598324364116,-0.4779759380377462,-0.45057713335064825,-0.46461335963711,0.012695168883008194,40,-0.4518533984042642,-0.4469794978159301,-0.4568090958556512,-0.4687682625074054,-0.4448134654448552,-0.45384474400562125,0.008534164767042343
0.08617091178894043,0.007258285193443301,0.017522239685058595,0.007845583243668726,10,,,550,"{'estimator__regressor__gamma': 10, 'estimator__regressor__max_depth': None, 'estimator__regressor__min_child_weight': None, 'estimator__regressor__n_estimators': 550}",-0.47863819343134306,-0.44943955012217135,-0.46643598324364116,-0.4779759380377462,-0.45057713335064825,-0.46461335963711,0.012695168883008194,40,-0.4518533984042642,-0.4469794978159301,-0.4568090958556512,-0.4687682625074054,-0.4448134654448552,-0.45384474400562125,0.008534164767042343
0.10289678573608399,0.005882546873988734,0.016197347640991212,0.004624008765989315,10,,,600,"{'estimator__regressor__gamma': 10, 'estimator__regressor__max_depth': None, 'estimator__regressor__min_child_weight': None, 'estimator__regressor__n_estimators': 600}",-0.47863819343134306,-0.44943955012217135,-0.46643598324364116,-0.4779759380377462,-0.45057713335064825,-0.46461335963711,0.012695168883008194,40,-0.4518533984042642,-0.4469794978159301,-0.4568090958556512,-0.4687682625074054,-0.4448134654448552,-0.45384474400562125,0.008534164767042343
0.08198599815368653,0.006760448541820974,0.013190174102783203,0.006975644528394448,25,1,25,500,"{'estimator__regressor__gamma': 25, 'estimator__regressor__max_depth': 1, 'estimator__regressor__min_child_weight': 25, 'estimator__regressor__n_estimators': 500}",-0.6406171146930986,-0.6224858738931862,-0.6105243407793431,-0.6250956223771664,-0.6237188321126004,-0.6244883567710791,0.009592720699751043,127,-0.6196800793979199,-0.6212701606933183,-0.6260949794984745,-0.6228752258533097,-0.6220720371959019,-0.6223984965277849,0.002128885452299944
0.09995021820068359,0.01855519411148711,0.0170748233795166,0.007628665130736363,25,1,25,550,"{'estimator__regressor__gamma': 25, 'estimator__regressor__max_depth': 1, 'estimator__regressor__min_child_weight': 25, 'estimator__regressor__n_estimators': 550}",-0.6406171146930986,-0.6224858738931862,-0.6105243407793431,-0.6250956223771664,-0.6237188321126004,-0.6244883567710791,0.009592720699751043,127,-0.6196800793979199,-0.6212701606933183,-0.6260949794984745,-0.6228752258533097,-0.6220720371959019,-0.6223984965277849,0.002128885452299944
0.0924285888671875,0.008812112038598625,0.017555856704711915,0.0056967413704924665,25,1,25,600,"{'estimator__regressor__gamma': 25, 'estimator__regressor__max_depth': 1, 'estimator__regressor__min_child_weight': 25, 'estimator__regressor__n_estimators': 600}",-0.6406171146930986,-0.6224858738931862,-0.6105243407793431,-0.6250956223771664,-0.6237188321126004,-0.6244883567710791,0.009592720699751043,127,-0.6196800793979199,-0.6212701606933183,-0.6260949794984745,-0.6228752258533097,-0.6220720371959019,-0.6223984965277849,0.002128885452299944
0.07582101821899415,0.012416967513264961,0.011543369293212891,0.0035523563017454897,25,1,50,500,"{'estimator__regressor__gamma': 25, 'estimator__regressor__max_depth': 1, 'estimator__regressor__min_child_weight': 50, 'estimator__regressor__n_estimators': 500}",-0.6406171146930986,-0.6224858738931862,-0.6105243407793431,-0.6250956223771664,-0.6237188321126004,-0.6244883567710791,0.009592720699751043,127,-0.6196800793979199,-0.6212701606933183,-0.6260949794984745,-0.6228752258533097,-0.6220720371959019,-0.6223984965277849,0.002128885452299944
0.10244560241699219,0.01570827426905142,0.01842055320739746,0.0047310512886504265,25,1,50,550,"{'estimator__regressor__gamma': 25, 'estimator__regressor__max_depth': 1, 'estimator__regressor__min_child_weight': 50, 'estimator__regressor__n_estimators': 550}",-0.6406171146930986,-0.6224858738931862,-0.6105243407793431,-0.6250956223771664,-0.6237188321126004,-0.6244883567710791,0.009592720699751043,127,-0.6196800793979199,-0.6212701606933183,-0.6260949794984745,-0.6228752258533097,-0.6220720371959019,-0.6223984965277849,0.002128885452299944
0.08659381866455078,0.012209277621904721,0.013592672348022462,0.004774086939726628,25,1,50,600,"{'estimator__regressor__gamma': 25, 'estimator__regressor__max_depth': 1, 'estimator__regressor__min_child_weight': 50, 'estimator__regressor__n_estimators': 600}",-0.6406171146930986,-0.6224858738931862,-0.6105243407793431,-0.6250956223771664,-0.6237188321126004,-0.6244883567710791,0.009592720699751043,127,-0.6196800793979199,-0.6212701606933183,-0.6260949794984745,-0.6228752258533097,-0.6220720371959019,-0.6223984965277849,0.002128885452299944
0.08696122169494629,0.013299082768530054,0.013018798828125,0.003643758391964851,25,1,,500,"{'estimator__regressor__gamma': 25, 'estimator__regressor__max_depth': 1, 'estimator__regressor__min_child_weight': None, 'estimator__regressor__n_estimators': 500}",-0.6406171146930986,-0.6224858738931862,-0.6105243407793431,-0.6250956223771664,-0.6237188321126004,-0.6244883567710791,0.009592720699751043,127,-0.6196800793979199,-0.6212701606933183,-0.6260949794984745,-0.6228752258533097,-0.6220720371959019,-0.6223984965277849,0.002128885452299944
0.08666806221008301,0.01303392671221896,0.013716363906860351,0.0037365382046330624,25,1,,550,"{'estimator__regressor__gamma': 25, 'estimator__regressor__max_depth': 1, 'estimator__regressor__min_child_weight': None, 'estimator__regressor__n_estimators': 550}",-0.6406171146930986,-0.6224858738931862,-0.6105243407793431,-0.6250956223771664,-0.6237188321126004,-0.6244883567710791,0.009592720699751043,127,-0.6196800793979199,-0.6212701606933183,-0.6260949794984745,-0.6228752258533097,-0.6220720371959019,-0.6223984965277849,0.002128885452299944
0.09520807266235351,0.010172814326423384,0.02178640365600586,0.0020690509611364888,25,1,,600,"{'estimator__regressor__gamma': 25, 'estimator__regressor__max_depth': 1, 'estimator__regressor__min_child_weight': None, 'estimator__regressor__n_estimators': 600}",-0.6406171146930986,-0.6224858738931862,-0.6105243407793431,-0.6250956223771664,-0.6237188321126004,-0.6244883567710791,0.009592720699751043,127,-0.6196800793979199,-0.6212701606933183,-0.6260949794984745,-0.6228752258533097,-0.6220720371959019,-0.6223984965277849,0.002128885452299944
0.08568391799926758,0.007265276128477327,0.013523483276367187,0.0033767304938520206,25,5,25,500,"{'estimator__regressor__gamma': 25, 'estimator__regressor__max_depth': 5, 'estimator__regressor__min_child_weight': 25, 'estimator__regressor__n_estimators': 500}",-0.5317807351391375,-0.5067086767465206,-0.5054776728931781,-0.5196323439827232,-0.5123107339703616,-0.5151820325463843,0.009690602767068809,64,-0.5036409847916368,-0.5135220501333955,-0.5060013384066284,-0.5114776975406473,-0.5077201172352476,-0.5084724376215111,0.0035929215811767432
0.08369064331054688,0.006090169221002042,0.015091753005981446,0.0017744466637023375,25,5,25,550,"{'estimator__regressor__gamma': 25, 'estimator__regressor__max_depth': 5, 'estimator__regressor__min_child_weight': 25, 'estimator__regressor__n_estimators': 550}",-0.5317807351391375,-0.5067086767465206,-0.5054776728931781,-0.5196323439827232,-0.5123107339703616,-0.5151820325463843,0.009690602767068809,64,-0.5036409847916368,-0.5135220501333955,-0.5060013384066284,-0.5114776975406473,-0.5077201172352476,-0.5084724376215111,0.0035929215811767432
0.09751410484313965,0.008677353062204102,0.015693187713623047,0.00697156421977146,25,5,25,600,"{'estimator__regressor__gamma': 25, 'estimator__regressor__max_depth': 5, 'estimator__regressor__min_child_weight': 25, 'estimator__regressor__n_estimators': 600}",-0.5317807351391375,-0.5067086767465206,-0.5054776728931781,-0.5196323439827232,-0.5123107339703616,-0.5151820325463843,0.009690602767068809,64,-0.5036409847916368,-0.5135220501333955,-0.5060013384066284,-0.5114776975406473,-0.5077201172352476,-0.5084724376215111,0.0035929215811767432
0.0863581657409668,0.00931011078794446,0.013670110702514648,0.006748710885394251,25,5,50,500,"{'estimator__regressor__gamma': 25, 'estimator__regressor__max_depth': 5, 'estimator__regressor__min_child_weight': 50, 'estimator__regressor__n_estimators': 500}",-0.5409949123122186,-0.5178379774070571,-0.5171792850821568,-0.520388934962093,-0.5195198057821567,-0.5231841831091365,0.008978907103505717,79,-0.5142047279507032,-0.5195188018913717,-0.5202873865430476,-0.5109798250545492,-0.5131777283018455,-0.5156336939483033,0.0036464537637217196
0.09435949325561524,0.009873110926037104,0.012535762786865235,0.003570342157439687,25,5,50,550,"{'estimator__regressor__gamma': 25, 'estimator__regressor__max_depth': 5, 'estimator__regressor__min_child_weight': 50, 'estimator__regressor__n_estimators': 550}",-0.5409949123122186,-0.5178379774070571,-0.5171792850821568,-0.520388934962093,-0.5195198057821567,-0.5231841831091365,0.008978907103505717,79,-0.5142047279507032,-0.5195188018913717,-0.5202873865430476,-0.5109798250545492,-0.5131777283018455,-0.5156336939483033,0.0036464537637217196
0.09741225242614746,0.006343531302792618,0.02024836540222168,0.005909913957010358,25,5,50,600,"{'estimator__regressor__gamma': 25, 'estimator__regressor__max_depth': 5, 'estimator__regressor__min_child_weight': 50, 'estimator__regressor__n_estimators': 600}",-0.5409949123122186,-0.5178379774070571,-0.5171792850821568,-0.520388934962093,-0.5195198057821567,-0.5231841831091365,0.008978907103505717,79,-0.5142047279507032,-0.5195188018913717,-0.5202873865430476,-0.5109798250545492,-0.5131777283018455,-0.5156336939483033,0.0036464537637217196
0.08576769828796386,0.01353622380831247,0.016179847717285156,0.004681126671842684,25,5,,500,"{'estimator__regressor__gamma': 25, 'estimator__regressor__max_depth': 5, 'estimator__regressor__min_child_weight': None, 'estimator__regressor__n_estimators': 500}",-0.5385156705129392,-0.5102806850871521,-0.5067975097671092,-0.513111606706539,-0.5160502212096676,-0.5169511386566814,0.01120869147110811,67,-0.5106223204599624,-0.5153408134367067,-0.5070483988020494,-0.504723115969333,-0.5101898883285614,-0.5095849073993226,0.0035956522041789463
0.09387507438659667,0.007663520257890267,0.019933128356933595,0.006161764856558951,25,5,,550,"{'estimator__regressor__gamma': 25, 'estimator__regressor__max_depth': 5, 'estimator__regressor__min_child_weight': None, 'estimator__regressor__n_estimators': 550}",-0.5385156705129392,-0.5102806850871521,-0.5067975097671092,-0.513111606706539,-0.5160502212096676,-0.5169511386566814,0.01120869147110811,67,-0.5106223204599624,-0.5153408134367067,-0.5070483988020494,-0.504723115969333,-0.5101898883285614,-0.5095849073993226,0.0035956522041789463
0.09459705352783203,0.003631243413555427,0.016274356842041017,0.004661599222387851,25,5,,600,"{'estimator__regressor__gamma': 25, 'estimator__regressor__max_depth': 5, 'estimator__regressor__min_child_weight': None, 'estimator__regressor__n_estimators': 600}",-0.5385156705129392,-0.5102806850871521,-0.5067975097671092,-0.513111606706539,-0.5160502212096676,-0.5169511386566814,0.01120869147110811,67,-0.5106223204599624,-0.5153408134367067,-0.5070483988020494,-0.504723115969333,-0.5101898883285614,-0.5095849073993226,0.0035956522041789463
0.08754959106445312,0.006519272987141464,0.014336395263671874,0.0042246697608076976,25,10,25,500,"{'estimator__regressor__gamma': 25, 'estimator__regressor__max_depth': 10, 'estimator__regressor__min_child_weight': 25, 'estimator__regressor__n_estimators': 500}",-0.5210870951123204,-0.49468023818970164,-0.4942833012199878,-0.4971747897505765,-0.5003789717235266,-0.5015208791992226,0.010022037275557205,58,-0.4935569029480182,-0.4977608701006615,-0.4907035102715185,-0.48777211920825164,-0.49066430499333014,-0.49209154150435597,0.0033737105574509554
0.09721922874450684,0.008713847311098468,0.013768577575683593,0.003551849363383557,25,10,25,550,"{'estimator__regressor__gamma': 25, 'estimator__regressor__max_depth': 10, 'estimator__regressor__min_child_weight': 25, 'estimator__regressor__n_estimators': 550}",-0.5210870951123204,-0.49468023818970164,-0.4942833012199878,-0.4971747897505765,-0.5003789717235266,-0.5015208791992226,0.010022037275557205,58,-0.4935569029480182,-0.4977608701006615,-0.4907035102715185,-0.48777211920825164,-0.49066430499333014,-0.49209154150435597,0.0033737105574509554
0.10317134857177734,0.005762104140096932,0.016987943649291994,0.004752516045564222,25,10,25,600,"{'estimator__regressor__gamma': 25, 'estimator__regressor__max_depth': 10, 'estimator__regressor__min_child_weight': 25, 'estimator__regressor__n_estimators': 600}",-0.5210870951123204,-0.49468023818970164,-0.4942833012199878,-0.4971747897505765,-0.5003789717235266,-0.5015208791992226,0.010022037275557205,58,-0.4935569029480182,-0.4977608701006615,-0.4907035102715185,-0.48777211920825164,-0.49066430499333014,-0.49209154150435597,0.0033737105574509554
0.07919282913208008,0.0038261841899237168,0.01585416793823242,0.003174675040571407,25,10,50,500,"{'estimator__regressor__gamma': 25, 'estimator__regressor__max_depth': 10, 'estimator__regressor__min_child_weight': 50, 'estimator__regressor__n_estimators': 500}",-0.5183362770252518,-0.4941777302075526,-0.4815338858012967,-0.5019108201542014,-0.48394684172655117,-0.4959811109829707,0.013354497623201563,55,-0.4921765553302055,-0.49756145382883665,-0.4791758439664065,-0.4921401470354107,-0.47398816179026954,-0.48700843239022584,0.008891424400164051
0.09957718849182129,0.014426094507690381,0.011655807495117188,0.0018894652808868174,25,10,50,550,"{'estimator__regressor__gamma': 25, 'estimator__regressor__max_depth': 10, 'estimator__regressor__min_child_weight': 50, 'estimator__regressor__n_estimators': 550}",-0.5183362770252518,-0.4941777302075526,-0.4815338858012967,-0.5019108201542014,-0.48394684172655117,-0.4959811109829707,0.013354497623201563,55,-0.4921765553302055,-0.49756145382883665,-0.4791758439664065,-0.4921401470354107,-0.47398816179026954,-0.48700843239022584,0.008891424400164051
0.10019359588623047,0.01247975064198182,0.014083194732666015,0.0031058288540768584,25,10,50,600,"{'estimator__regressor__gamma': 25, 'estimator__regressor__max_depth': 10, 'estimator__regressor__min_child_weight': 50, 'estimator__regressor__n_estimators': 600}",-0.5183362770252518,-0.4941777302075526,-0.4815338858012967,-0.5019108201542014,-0.48394684172655117,-0.4959811109829707,0.013354497623201563,55,-0.4921765553302055,-0.49756145382883665,-0.4791758439664065,-0.4921401470354107,-0.47398816179026954,-0.48700843239022584,0.008891424400164051
0.08466887474060059,0.006583096624950913,0.01153564453125,0.003252315183568535,25,10,,500,"{'estimator__regressor__gamma': 25, 'estimator__regressor__max_depth': 10, 'estimator__regressor__min_child_weight': None, 'estimator__regressor__n_estimators': 500}",-0.5210870951123204,-0.49468023818970164,-0.5013551527064212,-0.4971747897505765,-0.5003789717235266,-0.5029352494965094,0.009379220323022254,61,-0.4935569029480182,-0.4977608701006615,-0.4978929019853765,-0.48777211920825164,-0.49066430499333014,-0.49352941984712756,0.003957304555164696
0.09596138000488282,0.0041581337299678575,0.014405632019042968,0.0036277923943420806,25,10,,550,"{'estimator__regressor__gamma': 25, 'estimator__regressor__max_depth': 10, 'estimator__regressor__min_child_weight': None, 'estimator__regressor__n_estimators': 550}",-0.5210870951123204,-0.49468023818970164,-0.5013551527064212,-0.4971747897505765,-0.5003789717235266,-0.5029352494965094,0.009379220323022254,61,-0.4935569029480182,-0.4977608701006615,-0.4978929019853765,-0.48777211920825164,-0.49066430499333014,-0.49352941984712756,0.003957304555164696
0.09482922554016113,0.005366177551354657,0.017695856094360352,0.003324860577032849,25,10,,600,"{'estimator__regressor__gamma': 25, 'estimator__regressor__max_depth': 10, 'estimator__regressor__min_child_weight': None, 'estimator__regressor__n_estimators': 600}",-0.5210870951123204,-0.49468023818970164,-0.5013551527064212,-0.4971747897505765,-0.5003789717235266,-0.5029352494965094,0.009379220323022254,61,-0.4935569029480182,-0.4977608701006615,-0.4978929019853765,-0.48777211920825164,-0.49066430499333014,-0.49352941984712756,0.003957304555164696
0.09028496742248535,0.0048151346795036725,0.011305952072143554,0.003552089324058125,25,,25,500,"{'estimator__regressor__gamma': 25, 'estimator__regressor__max_depth': None, 'estimator__regressor__min_child_weight': 25, 'estimator__regressor__n_estimators': 500}",-0.532431354844129,-0.5106278358950359,-0.5087414973717707,-0.5210316439425601,-0.5167378928967451,-0.5179140449900481,0.008474426413161937,73,-0.5031929882386597,-0.5121892847817904,-0.5070233889589022,-0.5114499907839389,-0.5095808198429647,-0.5086872945212513,0.003275692206928607
0.09152631759643555,0.008650205528416256,0.022097158432006835,0.006396796699552644,25,,25,550,"{'estimator__regressor__gamma': 25, 'estimator__regressor__max_depth': None, 'estimator__regressor__min_child_weight': 25, 'estimator__regressor__n_estimators': 550}",-0.532431354844129,-0.5106278358950359,-0.5087414973717707,-0.5210316439425601,-0.5167378928967451,-0.5179140449900481,0.008474426413161937,73,-0.5031929882386597,-0.5121892847817904,-0.5070233889589022,-0.5114499907839389,-0.5095808198429647,-0.5086872945212513,0.003275692206928607
0.09727168083190918,0.008882796588641812,0.016971778869628907,0.006161256778490976,25,,25,600,"{'estimator__regressor__gamma': 25, 'estimator__regressor__max_depth': None, 'estimator__regressor__min_child_weight': 25, 'estimator__regressor__n_estimators': 600}",-0.532431354844129,-0.5106278358950359,-0.5087414973717707,-0.5210316439425601,-0.5167378928967451,-0.5179140449900481,0.008474426413161937,73,-0.5031929882386597,-0.5121892847817904,-0.5070233889589022,-0.5114499907839389,-0.5095808198429647,-0.5086872945212513,0.003275692206928607
0.0827023983001709,0.003653704960133583,0.017800378799438476,0.005384399346387195,25,,50,500,"{'estimator__regressor__gamma': 25, 'estimator__regressor__max_depth': None, 'estimator__regressor__min_child_weight': 50, 'estimator__regressor__n_estimators': 500}",-0.5340050894926897,-0.513889078263371,-0.49929445376262,-0.5244465681121057,-0.5153614006181939,-0.5173993180497961,0.011573040916955537,70,-0.5071459283438318,-0.5129530776410002,-0.501467191250515,-0.5156934288163987,-0.5083274870937589,-0.5091174226291008,0.004919205926944559
0.09752602577209472,0.01238299978669408,0.01485285758972168,0.0065422220195146845,25,,50,550,"{'estimator__regressor__gamma': 25, 'estimator__regressor__max_depth': None, 'estimator__regressor__min_child_weight': 50, 'estimator__regressor__n_estimators': 550}",-0.5340050894926897,-0.513889078263371,-0.49929445376262,-0.5244465681121057,-0.5153614006181939,-0.5173993180497961,0.011573040916955537,70,-0.5071459283438318,-0.5129530776410002,-0.501467191250515,-0.5156934288163987,-0.5083274870937589,-0.5091174226291008,0.004919205926944559
0.0990056037902832,0.020439123852374917,0.017470169067382812,0.0050492683708632255,25,,50,600,"{'estimator__regressor__gamma': 25, 'estimator__regressor__max_depth': None, 'estimator__regressor__min_child_weight': 50, 'estimator__regressor__n_estimators': 600}",-0.5340050894926897,-0.513889078263371,-0.49929445376262,-0.5244465681121057,-0.5153614006181939,-0.5173993180497961,0.011573040916955537,70,-0.5071459283438318,-0.5129530776410002,-0.501467191250515,-0.5156934288163987,-0.5083274870937589,-0.5091174226291008,0.004919205926944559
0.08634471893310547,0.011182601666301271,0.012532711029052734,0.003114648891983374,25,,,500,"{'estimator__regressor__gamma': 25, 'estimator__regressor__max_depth': None, 'estimator__regressor__min_child_weight': None, 'estimator__regressor__n_estimators': 500}",-0.5341125390286307,-0.5106278358950359,-0.5097046154242842,-0.5210316439425601,-0.5167378928967451,-0.5184429054374512,0.00886091503176301,76,-0.5066533871633754,-0.5121892847817904,-0.5092606363454496,-0.5114499907839389,-0.5095808198429647,-0.5098268237835037,0.0019322359698271873
0.10340561866760253,0.010626447033176762,0.012255191802978516,0.004032964407399054,25,,,550,"{'estimator__regressor__gamma': 25, 'estimator__regressor__max_depth': None, 'estimator__regressor__min_child_weight': None, 'estimator__regressor__n_estimators': 550}",-0.5341125390286307,-0.5106278358950359,-0.5097046154242842,-0.5210316439425601,-0.5167378928967451,-0.5184429054374512,0.00886091503176301,76,-0.5066533871633754,-0.5121892847817904,-0.5092606363454496,-0.5114499907839389,-0.5095808198429647,-0.5098268237835037,0.0019322359698271873
0.09666366577148437,0.0065746078367694884,0.014005184173583984,0.00330832865009908,25,,,600,"{'estimator__regressor__gamma': 25, 'estimator__regressor__max_depth': None, 'estimator__regressor__min_child_weight': None, 'estimator__regressor__n_estimators': 600}",-0.5341125390286307,-0.5106278358950359,-0.5097046154242842,-0.5210316439425601,-0.5167378928967451,-0.5184429054374512,0.00886091503176301,76,-0.5066533871633754,-0.5121892847817904,-0.5092606363454496,-0.5114499907839389,-0.5095808198429647,-0.5098268237835037,0.0019322359698271873
0.08078298568725586,0.0068541766439999445,0.014852428436279297,0.0034734618957538658,50,1,25,500,"{'estimator__regressor__gamma': 50, 'estimator__regressor__max_depth': 1, 'estimator__regressor__min_child_weight': 25, 'estimator__regressor__n_estimators': 500}",-0.6677153926680515,-0.646472273883333,-0.6334149589348265,-0.64743150094666,-0.6435935626639778,-0.6477255378193696,0.011163487911425886,136,-0.6436363712505738,-0.646329671091771,-0.6505147683741773,-0.6459685973574665,-0.644094932143078,-0.6461088680434134,0.002435141300926391
0.08676824569702149,0.008112747743879989,0.017368221282958986,0.007200228690458827,50,1,25,550,"{'estimator__regressor__gamma': 50, 'estimator__regressor__max_depth': 1, 'estimator__regressor__min_child_weight': 25, 'estimator__regressor__n_estimators': 550}",-0.6677153926680515,-0.646472273883333,-0.6334149589348265,-0.64743150094666,-0.6435935626639778,-0.6477255378193696,0.011163487911425886,136,-0.6436363712505738,-0.646329671091771,-0.6505147683741773,-0.6459685973574665,-0.644094932143078,-0.6461088680434134,0.002435141300926391
0.0975827693939209,0.005187297606774868,0.01665353775024414,0.00557563497784849,50,1,25,600,"{'estimator__regressor__gamma': 50, 'estimator__regressor__max_depth': 1, 'estimator__regressor__min_child_weight': 25, 'estimator__regressor__n_estimators': 600}",-0.6677153926680515,-0.646472273883333,-0.6334149589348265,-0.64743150094666,-0.6435935626639778,-0.6477255378193696,0.011163487911425886,136,-0.6436363712505738,-0.646329671091771,-0.6505147683741773,-0.6459685973574665,-0.644094932143078,-0.6461088680434134,0.002435141300926391
0.08388605117797851,0.0039802126831241565,0.017463111877441408,0.005512089276877052,50,1,50,500,"{'estimator__regressor__gamma': 50, 'estimator__regressor__max_depth': 1, 'estimator__regressor__min_child_weight': 50, 'estimator__regressor__n_estimators': 500}",-0.6677153926680515,-0.646472273883333,-0.6334149589348265,-0.64743150094666,-0.6435935626639778,-0.6477255378193696,0.011163487911425886,136,-0.6436363712505738,-0.646329671091771,-0.6505147683741773,-0.6459685973574665,-0.644094932143078,-0.6461088680434134,0.002435141300926391
0.08182811737060547,0.0028541537592723606,0.013971471786499023,0.005311790581125185,50,1,50,550,"{'estimator__regressor__gamma': 50, 'estimator__regressor__max_depth': 1, 'estimator__regressor__min_child_weight': 50, 'estimator__regressor__n_estimators': 550}",-0.6677153926680515,-0.646472273883333,-0.6334149589348265,-0.64743150094666,-0.6435935626639778,-0.6477255378193696,0.011163487911425886,136,-0.6436363712505738,-0.646329671091771,-0.6505147683741773,-0.6459685973574665,-0.644094932143078,-0.6461088680434134,0.002435141300926391
0.0980226993560791,0.008417839318158428,0.016604137420654298,0.00688323620991615,50,1,50,600,"{'estimator__regressor__gamma': 50, 'estimator__regressor__max_depth': 1, 'estimator__regressor__min_child_weight': 50, 'estimator__regressor__n_estimators': 600}",-0.6677153926680515,-0.646472273883333,-0.6334149589348265,-0.64743150094666,-0.6435935626639778,-0.6477255378193696,0.011163487911425886,136,-0.6436363712505738,-0.646329671091771,-0.6505147683741773,-0.6459685973574665,-0.644094932143078,-0.6461088680434134,0.002435141300926391
0.0786813735961914,0.014095116322201114,0.014754724502563477,0.007032112589151064,50,1,,500,"{'estimator__regressor__gamma': 50, 'estimator__regressor__max_depth': 1, 'estimator__regressor__min_child_weight': None, 'estimator__regressor__n_estimators': 500}",-0.6677153926680515,-0.646472273883333,-0.6334149589348265,-0.64743150094666,-0.6435935626639778,-0.6477255378193696,0.011163487911425886,136,-0.6436363712505738,-0.646329671091771,-0.6505147683741773,-0.6459685973574665,-0.644094932143078,-0.6461088680434134,0.002435141300926391
0.08708715438842773,0.014920108419135852,0.015142822265625,0.003529612026042352,50,1,,550,"{'estimator__regressor__gamma': 50, 'estimator__regressor__max_depth': 1, 'estimator__regressor__min_child_weight': None, 'estimator__regressor__n_estimators': 550}",-0.6677153926680515,-0.646472273883333,-0.6334149589348265,-0.64743150094666,-0.6435935626639778,-0.6477255378193696,0.011163487911425886,136,-0.6436363712505738,-0.646329671091771,-0.6505147683741773,-0.6459685973574665,-0.644094932143078,-0.6461088680434134,0.002435141300926391
0.09611563682556153,0.011674049498104992,0.016991043090820314,0.004892309366216119,50,1,,600,"{'estimator__regressor__gamma': 50, 'estimator__regressor__max_depth': 1, 'estimator__regressor__min_child_weight': None, 'estimator__regressor__n_estimators': 600}",-0.6677153926680515,-0.646472273883333,-0.6334149589348265,-0.64743150094666,-0.6435935626639778,-0.6477255378193696,0.011163487911425886,136,-0.6436363712505738,-0.646329671091771,-0.6505147683741773,-0.6459685973574665,-0.644094932143078,-0.6461088680434134,0.002435141300926391
0.08205366134643555,0.004453712921000653,0.013434123992919923,0.004570405283323389,50,5,25,500,"{'estimator__regressor__gamma': 50, 'estimator__regressor__max_depth': 5, 'estimator__regressor__min_child_weight': 25, 'estimator__regressor__n_estimators': 500}",-0.5906180043285578,-0.556173992321744,-0.5553624251232291,-0.5629430191889283,-0.559180505067772,-0.5648555892060463,0.013153378469095306,100,-0.5591765877667425,-0.5619601201980107,-0.561807099717319,-0.5577128206409063,-0.5528005284058437,-0.5586914313457644,0.0033552200919269126
0.09043354988098144,0.007016666460308472,0.016756248474121094,0.005115667717330015,50,5,25,550,"{'estimator__regressor__gamma': 50, 'estimator__regressor__max_depth': 5, 'estimator__regressor__min_child_weight': 25, 'estimator__regressor__n_estimators': 550}",-0.5906180043285578,-0.556173992321744,-0.5553624251232291,-0.5629430191889283,-0.559180505067772,-0.5648555892060463,0.013153378469095306,100,-0.5591765877667425,-0.5619601201980107,-0.561807099717319,-0.5577128206409063,-0.5528005284058437,-0.5586914313457644,0.0033552200919269126
0.0970700740814209,0.021357647100477682,0.016138124465942382,0.006828340154378151,50,5,25,600,"{'estimator__regressor__gamma': 50, 'estimator__regressor__max_depth': 5, 'estimator__regressor__min_child_weight': 25, 'estimator__regressor__n_estimators': 600}",-0.5906180043285578,-0.556173992321744,-0.5553624251232291,-0.5629430191889283,-0.559180505067772,-0.5648555892060463,0.013153378469095306,100,-0.5591765877667425,-0.5619601201980107,-0.561807099717319,-0.5577128206409063,-0.5528005284058437,-0.5586914313457644,0.0033552200919269126
0.08249540328979492,0.014270138982868615,0.018331432342529298,0.004417560340226783,50,5,50,500,"{'estimator__regressor__gamma': 50, 'estimator__regressor__max_depth': 5, 'estimator__regressor__min_child_weight': 50, 'estimator__regressor__n_estimators': 500}",-0.5930355441503887,-0.5614775531100136,-0.548107203169652,-0.5629430191889283,-0.5516235728397748,-0.5634373784917515,0.01584119311410797,97,-0.5627821638455847,-0.5642933074783476,-0.5596480656740624,-0.5577128206409063,-0.5493376189480584,-0.5587547953173919,0.0052433132301362255
0.08194580078125,0.006221542203252546,0.013904428482055664,0.005556322225611225,50,5,50,550,"{'estimator__regressor__gamma': 50, 'estimator__regressor__max_depth': 5, 'estimator__regressor__min_child_weight': 50, 'estimator__regressor__n_estimators': 550}",-0.5930355441503887,-0.5614775531100136,-0.548107203169652,-0.5629430191889283,-0.5516235728397748,-0.5634373784917515,0.01584119311410797,97,-0.5627821638455847,-0.5642933074783476,-0.5596480656740624,-0.5577128206409063,-0.5493376189480584,-0.5587547953173919,0.0052433132301362255
0.09478349685668945,0.015975127333925847,0.015265893936157227,0.007575271993371657,50,5,50,600,"{'estimator__regressor__gamma': 50, 'estimator__regressor__max_depth': 5, 'estimator__regressor__min_child_weight': 50, 'estimator__regressor__n_estimators': 600}",-0.5930355441503887,-0.5614775531100136,-0.548107203169652,-0.5629430191889283,-0.5516235728397748,-0.5634373784917515,0.01584119311410797,97,-0.5627821638455847,-0.5642933074783476,-0.5596480656740624,-0.5577128206409063,-0.5493376189480584,-0.5587547953173919,0.0052433132301362255
0.09104480743408203,0.005182987102186314,0.013942956924438477,0.005505396454988853,50,5,,500,"{'estimator__regressor__gamma': 50, 'estimator__regressor__max_depth': 5, 'estimator__regressor__min_child_weight': None, 'estimator__regressor__n_estimators': 500}",-0.5906180043285578,-0.556173992321744,-0.5553624251232291,-0.5629430191889283,-0.559180505067772,-0.5648555892060463,0.013153378469095306,100,-0.5591765877667425,-0.5619601201980107,-0.561807099717319,-0.5577128206409063,-0.5528005284058437,-0.5586914313457644,0.0033552200919269126
0.09502620697021484,0.008944707772340377,0.01444416046142578,0.005038190059889498,50,5,,550,"{'estimator__regressor__gamma': 50, 'estimator__regressor__max_depth': 5, 'estimator__regressor__min_child_weight': None, 'estimator__regressor__n_estimators': 550}",-0.5906180043285578,-0.556173992321744,-0.5553624251232291,-0.5629430191889283,-0.559180505067772,-0.5648555892060463,0.013153378469095306,100,-0.5591765877667425,-0.5619601201980107,-0.561807099717319,-0.5577128206409063,-0.5528005284058437,-0.5586914313457644,0.0033552200919269126
0.10068187713623047,0.010530129885784069,0.015784406661987306,0.003976977481931841,50,5,,600,"{'estimator__regressor__gamma': 50, 'estimator__regressor__max_depth': 5, 'estimator__regressor__min_child_weight': None, 'estimator__regressor__n_estimators': 600}",-0.5906180043285578,-0.556173992321744,-0.5553624251232291,-0.5629430191889283,-0.559180505067772,-0.5648555892060463,0.013153378469095306,100,-0.5591765877667425,-0.5619601201980107,-0.561807099717319,-0.5577128206409063,-0.5528005284058437,-0.5586914313457644,0.0033552200919269126
0.08599581718444824,0.00802245961388815,0.012157106399536132,0.003183075254984512,50,10,25,500,"{'estimator__regressor__gamma': 50, 'estimator__regressor__max_depth': 10, 'estimator__regressor__min_child_weight': 25, 'estimator__regressor__n_estimators': 500}",-0.5787671620932553,-0.54858143105144,-0.5612533848751774,-0.5489715171644768,-0.5454630198597056,-0.556607303008811,0.012325261249932933,85,-0.5493015405974633,-0.5512008962148487,-0.5617993812892382,-0.5446165863553428,-0.5411046915382849,-0.5496046191990356,0.007049559153228524
0.08586788177490234,0.010726257643813927,0.017949247360229494,0.00572217019383218,50,10,25,550,"{'estimator__regressor__gamma': 50, 'estimator__regressor__max_depth': 10, 'estimator__regressor__min_child_weight': 25, 'estimator__regressor__n_estimators': 550}",-0.5787671620932553,-0.54858143105144,-0.5612533848751774,-0.5489715171644768,-0.5454630198597056,-0.556607303008811,0.012325261249932933,85,-0.5493015405974633,-0.5512008962148487,-0.5617993812892382,-0.5446165863553428,-0.5411046915382849,-0.5496046191990356,0.007049559153228524
0.10141348838806152,0.012385842079147523,0.015936851501464844,0.002212549134436988,50,10,25,600,"{'estimator__regressor__gamma': 50, 'estimator__regressor__max_depth': 10, 'estimator__regressor__min_child_weight': 25, 'estimator__regressor__n_estimators': 600}",-0.5787671620932553,-0.54858143105144,-0.5612533848751774,-0.5489715171644768,-0.5454630198597056,-0.556607303008811,0.012325261249932933,85,-0.5493015405974633,-0.5512008962148487,-0.5617993812892382,-0.5446165863553428,-0.5411046915382849,-0.5496046191990356,0.007049559153228524
0.09215388298034669,0.011731603313518673,0.013799285888671875,0.004839451458333038,50,10,50,500,"{'estimator__regressor__gamma': 50, 'estimator__regressor__max_depth': 10, 'estimator__regressor__min_child_weight': 50, 'estimator__regressor__n_estimators': 500}",-0.580944069983733,-0.557039459296428,-0.5545961009198379,-0.538109115959851,-0.5461388674368242,-0.5553655227193348,0.014426163008075057,82,-0.5488682525192222,-0.5552484067252502,-0.5551573147214627,-0.5332110338008783,-0.5403524803430145,-0.5465674976219657,0.008619259589329313
0.07794523239135742,0.008734427030031227,0.01658167839050293,0.0058494477286268045,50,10,50,550,"{'estimator__regressor__gamma': 50, 'estimator__regressor__max_depth': 10, 'estimator__regressor__min_child_weight': 50, 'estimator__regressor__n_estimators': 550}",-0.580944069983733,-0.557039459296428,-0.5545961009198379,-0.538109115959851,-0.5461388674368242,-0.5553655227193348,0.014426163008075057,82,-0.5488682525192222,-0.5552484067252502,-0.5551573147214627,-0.5332110338008783,-0.5403524803430145,-0.5465674976219657,0.008619259589329313
0.10249300003051758,0.017892827230934837,0.019812488555908205,0.006804157734274646,50,10,50,600,"{'estimator__regressor__gamma': 50, 'estimator__regressor__max_depth': 10, 'estimator__regressor__min_child_weight': 50, 'estimator__regressor__n_estimators': 600}",-0.580944069983733,-0.557039459296428,-0.5545961009198379,-0.538109115959851,-0.5461388674368242,-0.5553655227193348,0.014426163008075057,82,-0.5488682525192222,-0.5552484067252502,-0.5551573147214627,-0.5332110338008783,-0.5403524803430145,-0.5465674976219657,0.008619259589329313
0.08090419769287109,0.013207975694743253,0.011245059967041015,0.0030738901717611827,50,10,,500,"{'estimator__regressor__gamma': 50, 'estimator__regressor__max_depth': 10, 'estimator__regressor__min_child_weight': None, 'estimator__regressor__n_estimators': 500}",-0.5787671620932553,-0.54858143105144,-0.5612533848751774,-0.5489715171644768,-0.5454630198597056,-0.556607303008811,0.012325261249932933,85,-0.5493015405974633,-0.5512008962148487,-0.5617993812892382,-0.5446165863553428,-0.5411046915382849,-0.5496046191990356,0.007049559153228524
0.10043225288391114,0.0035104118311402644,0.016149520874023438,0.0038807469005406607,50,10,,550,"{'estimator__regressor__gamma': 50, 'estimator__regressor__max_depth': 10, 'estimator__regressor__min_child_weight': None, 'estimator__regressor__n_estimators': 550}",-0.5787671620932553,-0.54858143105144,-0.5612533848751774,-0.5489715171644768,-0.5454630198597056,-0.556607303008811,0.012325261249932933,85,-0.5493015405974633,-0.5512008962148487,-0.5617993812892382,-0.5446165863553428,-0.5411046915382849,-0.5496046191990356,0.007049559153228524
0.09326229095458985,0.0047690753050320805,0.017140674591064452,0.005872474545682543,50,10,,600,"{'estimator__regressor__gamma': 50, 'estimator__regressor__max_depth': 10, 'estimator__regressor__min_child_weight': None, 'estimator__regressor__n_estimators': 600}",-0.5787671620932553,-0.54858143105144,-0.5612533848751774,-0.5489715171644768,-0.5454630198597056,-0.556607303008811,0.012325261249932933,85,-0.5493015405974633,-0.5512008962148487,-0.5617993812892382,-0.5446165863553428,-0.5411046915382849,-0.5496046191990356,0.007049559153228524
0.08679604530334473,0.015243175629133684,0.01695389747619629,0.0023934776885737403,50,,25,500,"{'estimator__regressor__gamma': 50, 'estimator__regressor__max_depth': None, 'estimator__regressor__min_child_weight': 25, 'estimator__regressor__n_estimators': 500}",-0.5898699975647375,-0.5463756188568262,-0.56058704086109,-0.5585086997847845,-0.555885954467357,-0.562245462306959,0.014643250835392902,91,-0.5603533420687393,-0.5486369495772284,-0.5609528138346933,-0.5530093422354092,-0.5510143841754243,-0.5547933663782989,0.00498431618392998
0.09130702018737794,0.00642582123720109,0.014867925643920898,0.0058071647338553386,50,,25,550,"{'estimator__regressor__gamma': 50, 'estimator__regressor__max_depth': None, 'estimator__regressor__min_child_weight': 25, 'estimator__regressor__n_estimators': 550}",-0.5898699975647375,-0.5463756188568262,-0.56058704086109,-0.5585086997847845,-0.555885954467357,-0.562245462306959,0.014643250835392902,91,-0.5603533420687393,-0.5486369495772284,-0.5609528138346933,-0.5530093422354092,-0.5510143841754243,-0.5547933663782989,0.00498431618392998
0.0970911979675293,0.010854382045474094,0.012439727783203125,0.0022007370936128947,50,,25,600,"{'estimator__regressor__gamma': 50, 'estimator__regressor__max_depth': None, 'estimator__regressor__min_child_weight': 25, 'estimator__regressor__n_estimators': 600}",-0.5898699975647375,-0.5463756188568262,-0.56058704086109,-0.5585086997847845,-0.555885954467357,-0.562245462306959,0.014643250835392902,91,-0.5603533420687393,-0.5486369495772284,-0.5609528138346933,-0.5530093422354092,-0.5510143841754243,-0.5547933663782989,0.00498431618392998
0.08830389976501465,0.006645552602231459,0.013568353652954102,0.003699643067657344,50,,50,500,"{'estimator__regressor__gamma': 50, 'estimator__regressor__max_depth': None, 'estimator__regressor__min_child_weight': 50, 'estimator__regressor__n_estimators': 500}",-0.5933679556210497,-0.5475253733760521,-0.5591302975805104,-0.5686421952413959,-0.5577153855957221,-0.565276241482946,0.015559604973575364,106,-0.565619059789668,-0.5505390310994037,-0.5598674205106012,-0.5616042103930174,-0.5532112894801209,-0.5581682022545623,0.005531437595883213
0.08781914710998535,0.0068607276971365165,0.01942620277404785,0.007878305279101584,50,,50,550,"{'estimator__regressor__gamma': 50, 'estimator__regressor__max_depth': None, 'estimator__regressor__min_child_weight': 50, 'estimator__regressor__n_estimators': 550}",-0.5933679556210497,-0.5475253733760521,-0.5591302975805104,-0.5686421952413959,-0.5577153855957221,-0.565276241482946,0.015559604973575364,106,-0.565619059789668,-0.5505390310994037,-0.5598674205106012,-0.5616042103930174,-0.5532112894801209,-0.5581682022545623,0.005531437595883213
0.10165600776672364,0.011895001782347807,0.01647348403930664,0.0022946645183085745,50,,50,600,"{'estimator__regressor__gamma': 50, 'estimator__regressor__max_depth': None, 'estimator__regressor__min_child_weight': 50, 'estimator__regressor__n_estimators': 600}",-0.5933679556210497,-0.5475253733760521,-0.5591302975805104,-0.5686421952413959,-0.5577153855957221,-0.565276241482946,0.015559604973575364,106,-0.565619059789668,-0.5505390310994037,-0.5598674205106012,-0.5616042103930174,-0.5532112894801209,-0.5581682022545623,0.005531437595883213
0.07841124534606933,0.0031535425814242304,0.018967342376708985,0.005050118721219146,50,,,500,"{'estimator__regressor__gamma': 50, 'estimator__regressor__max_depth': None, 'estimator__regressor__min_child_weight': None, 'estimator__regressor__n_estimators': 500}",-0.5898699975647375,-0.5463756188568262,-0.56058704086109,-0.5585086997847845,-0.555885954467357,-0.562245462306959,0.014643250835392902,91,-0.5603533420687393,-0.5486369495772284,-0.5609528138346933,-0.5530093422354092,-0.5510143841754243,-0.5547933663782989,0.00498431618392998
0.09005250930786132,0.006965171210426225,0.012927103042602538,0.0021214764120111845,50,,,550,"{'estimator__regressor__gamma': 50, 'estimator__regressor__max_depth': None, 'estimator__regressor__min_child_weight': None, 'estimator__regressor__n_estimators': 550}",-0.5898699975647375,-0.5463756188568262,-0.56058704086109,-0.5585086997847845,-0.555885954467357,-0.562245462306959,0.014643250835392902,91,-0.5603533420687393,-0.5486369495772284,-0.5609528138346933,-0.5530093422354092,-0.5510143841754243,-0.5547933663782989,0.00498431618392998
0.09467864036560059,0.01630326764780093,0.012645196914672852,0.002793059582660574,50,,,600,"{'estimator__regressor__gamma': 50, 'estimator__regressor__max_depth': None, 'estimator__regressor__min_child_weight': None, 'estimator__regressor__n_estimators': 600}",-0.5898699975647375,-0.5463756188568262,-0.56058704086109,-0.5585086997847845,-0.555885954467357,-0.562245462306959,0.014643250835392902,91,-0.5603533420687393,-0.5486369495772284,-0.5609528138346933,-0.5530093422354092,-0.5510143841754243,-0.5547933663782989,0.00498431618392998
0.09753608703613281,0.017973590366976985,0.01682596206665039,0.005435123907577495,,1,25,500,"{'estimator__regressor__gamma': None, 'estimator__regressor__max_depth': 1, 'estimator__regressor__min_child_weight': 25, 'estimator__regressor__n_estimators': 500}",-0.5908760485880896,-0.5860789064802179,-0.5738952919412125,-0.5847602206931561,-0.5928911472448446,-0.585700322989504,0.006616373096813929,117,-0.5814106083547419,-0.5822573485068376,-0.5849266487987576,-0.5823593239100134,-0.5802211649335904,-0.5822350189007881,0.0015489404380994026
0.10421152114868164,0.005065342072113751,0.014922618865966797,0.002644902913404789,,1,25,550,"{'estimator__regressor__gamma': None, 'estimator__regressor__max_depth': 1, 'estimator__regressor__min_child_weight': 25, 'estimator__regressor__n_estimators': 550}",-0.5903710036117268,-0.5858722650453131,-0.5736735863590599,-0.5844904260316287,-0.5929275136488464,-0.585466958939315,0.006631908580476509,114,-0.581208306529722,-0.5819777905791741,-0.5846413071865926,-0.5821493400234488,-0.5799488732807256,-0.5819851235199327,0.0015383167538597974
0.11285300254821777,0.02157412179265503,0.01895561218261719,0.004531172800468647,,1,25,600,"{'estimator__regressor__gamma': None, 'estimator__regressor__max_depth': 1, 'estimator__regressor__min_child_weight': 25, 'estimator__regressor__n_estimators': 600}",-0.5900377371406001,-0.5858016810360821,-0.5736472730986237,-0.5842949542133757,-0.5927369359449937,-0.585303716286735,0.006554417526259051,110,-0.5810428906693759,-0.581747382660975,-0.5844091956185389,-0.5819789427736406,-0.579726269805898,-0.5817809363056857,0.001530649875748893
0.09645566940307618,0.015409917171844846,0.01565065383911133,0.0042666364609757,,1,50,500,"{'estimator__regressor__gamma': None, 'estimator__regressor__max_depth': 1, 'estimator__regressor__min_child_weight': 50, 'estimator__regressor__n_estimators': 500}",-0.5908509806090035,-0.585913950128958,-0.5737384422235168,-0.5849067777547826,-0.5924746971924439,-0.585576969581741,0.006574302723372092,115,-0.5814960758703313,-0.5823588121583464,-0.5850843449049439,-0.5823845782960986,-0.5804375199841335,-0.5823522662427707,0.001540432142155316
0.10013914108276367,0.01524404487836675,0.020299530029296874,0.006433387056361932,,1,50,550,"{'estimator__regressor__gamma': None, 'estimator__regressor__max_depth': 1, 'estimator__regressor__min_child_weight': 50, 'estimator__regressor__n_estimators': 550}",-0.5904510605224885,-0.5857664748775874,-0.5736190622803377,-0.5846725287832263,-0.5923395973086164,-0.5853697447544512,0.006528715923822723,112,-0.5813043650972647,-0.5821019328164742,-0.5848282550509027,-0.5821739124344453,-0.5801980507953675,-0.5821213032388908,0.0015295109638076003
0.10984320640563965,0.01549405571458504,0.016636037826538087,0.0032024678712578546,,1,50,600,"{'estimator__regressor__gamma': None, 'estimator__regressor__max_depth': 1, 'estimator__regressor__min_child_weight': 50, 'estimator__regressor__n_estimators': 600}",-0.5900777643082177,-0.5856905098734873,-0.5735437227243008,-0.5844902220773721,-0.5923789909986621,-0.5852362419964081,0.0065105623959424005,109,-0.5811556431877463,-0.5818936998290115,-0.5846197441962662,-0.5820069019934143,-0.580005782526064,-0.5819363543465004,0.0015194732594843116
0.09184827804565429,0.005786034280090427,0.018807411193847656,0.0016727141192098905,,1,,500,"{'estimator__regressor__gamma': None, 'estimator__regressor__max_depth': 1, 'estimator__regressor__min_child_weight': None, 'estimator__regressor__n_estimators': 500}",-0.5908657088060666,-0.5859129328345838,-0.5738177294013469,-0.5847704900565955,-0.5928854168823885,-0.5856504555961963,0.006639279685471818,116,-0.5813214883629273,-0.5822167325013802,-0.5848530970852525,-0.5822702979418933,-0.5801127516561709,-0.5821548735095248,0.0015596379237238557
0.10887765884399414,0.019851079829945384,0.020684003829956055,0.0043861480666513184,,1,,550,"{'estimator__regressor__gamma': None, 'estimator__regressor__max_depth': 1, 'estimator__regressor__min_child_weight': None, 'estimator__regressor__n_estimators': 550}",-0.5904231983147472,-0.5857453349029857,-0.5737149370404321,-0.5844970035182481,-0.5928369579186508,-0.5854434863390128,0.00660313204918697,113,-0.5811098986128385,-0.5819306254611273,-0.5845653234205822,-0.5820560322036306,-0.5798323139367385,-0.5818988387269834,0.0015510520313109031
0.10998749732971191,0.003162924753530533,0.019619274139404296,0.002088841382674439,,1,,600,"{'estimator__regressor__gamma': None, 'estimator__regressor__max_depth': 1, 'estimator__regressor__min_child_weight': None, 'estimator__regressor__n_estimators': 600}",-0.5900613244562891,-0.585657307070568,-0.573666079540089,-0.5843078839932432,-0.5929049702596709,-0.5853195130639721,0.006587320353699001,111,-0.5809392990814964,-0.5816925394576269,-0.5843237206710542,-0.5818817151396135,-0.5796016444456704,-0.5816877837590922,0.001542595342172585
0.21936259269714356,0.01498249932146948,0.057743406295776366,0.009335959430204892,,5,25,500,"{'estimator__regressor__gamma': None, 'estimator__regressor__max_depth': 5, 'estimator__regressor__min_child_weight': 25, 'estimator__regressor__n_estimators': 500}",-0.316385244920299,-0.31021385810924595,-0.31510618172413735,-0.3159075798673088,-0.3182678910318546,-0.3151761511305692,0.0026901672495888325,7,-0.2293148573106783,-0.22978379410884303,-0.229480012611311,-0.23234412551777706,-0.2301899063638135,-0.2302225391824846,0.0011018096757519815
0.23666949272155763,0.020319716606689457,0.06300067901611328,0.0042931125706158,,5,25,550,"{'estimator__regressor__gamma': None, 'estimator__regressor__max_depth': 5, 'estimator__regressor__min_child_weight': 25, 'estimator__regressor__n_estimators': 550}",-0.3167957451702625,-0.3102605927647058,-0.31511983622322876,-0.31581947878584227,-0.3188345820271543,-0.31536604699423876,0.0028427681992150592,8,-0.22590590570022281,-0.2261483995578136,-0.22566755890675735,-0.22848045861034388,-0.22684062953567916,-0.22660859046216336,0.0010147723318252612
0.2580923080444336,0.01632606019710807,0.06686625480651856,0.003853255251168939,,5,25,600,"{'estimator__regressor__gamma': None, 'estimator__regressor__max_depth': 5, 'estimator__regressor__min_child_weight': 25, 'estimator__regressor__n_estimators': 600}",-0.31719182063199547,-0.3102037825783279,-0.3160747039042544,-0.3156688598336249,-0.3183834909303573,-0.315504531575712,0.002813730318243239,9,-0.2224898050817529,-0.2228699796055572,-0.22290267191092408,-0.2249415222310758,-0.22311478798468024,-0.22326375336279805,0.0008627320079551381
0.2132080078125,0.02110076484602739,0.058893442153930664,0.0035224111311908755,,5,50,500,"{'estimator__regressor__gamma': None, 'estimator__regressor__max_depth': 5, 'estimator__regressor__min_child_weight': 50, 'estimator__regressor__n_estimators': 500}",-0.3166697194031754,-0.31268661410678783,-0.3161235653274158,-0.308690454324077,-0.31790547690358006,-0.31441516601300723,0.00334497010250648,5,-0.24785400010662045,-0.2477331655780163,-0.24752729921591726,-0.2476184178285834,-0.24678196119631324,-0.24750296878509018,0.0003768251442646673
0.22353792190551758,0.012604232824416852,0.061747169494628905,0.014032975114402322,,5,50,550,"{'estimator__regressor__gamma': None, 'estimator__regressor__max_depth': 5, 'estimator__regressor__min_child_weight': 50, 'estimator__regressor__n_estimators': 550}",-0.31666028456572687,-0.31190116248927763,-0.31541388504552076,-0.30815947432649815,-0.317520534271873,-0.3139310681397793,0.0034630462741495724,2,-0.24519188947052192,-0.24445916566733608,-0.24432745841825135,-0.24471541833734753,-0.24393546066975988,-0.24452587851264335,0.0004175907824523714
0.26639981269836427,0.008411340389395101,0.07458481788635254,0.0060347993599976285,,5,50,600,"{'estimator__regressor__gamma': None, 'estimator__regressor__max_depth': 5, 'estimator__regressor__min_child_weight': 50, 'estimator__regressor__n_estimators': 600}",-0.31644107485670725,-0.31162006948237586,-0.31550572426631385,-0.3079059275086616,-0.31714998361619656,-0.31372455594605103,0.003480542787228698,1,-0.2427262497429986,-0.24179637767142823,-0.24136011244477903,-0.24203160098144616,-0.24131892949025732,-0.2418466540661819,0.0005149053523516622
0.24759645462036134,0.01973745454694245,0.062738037109375,0.013700314217612343,,5,,500,"{'estimator__regressor__gamma': None, 'estimator__regressor__max_depth': 5, 'estimator__regressor__min_child_weight': None, 'estimator__regressor__n_estimators': 500}",-0.32793695874584816,-0.3257855280131016,-0.32840959377766304,-0.3272140550995196,-0.33423635112753747,-0.32871649735273395,0.0028989160020027453,16,-0.1658449417532911,-0.16984081527223985,-0.16726624158650286,-0.16612458860563112,-0.16701483433511582,-0.16721828431055616,0.0014144681341323538
0.2542263507843018,0.023743349245097013,0.0640024185180664,0.013182334399099613,,5,,550,"{'estimator__regressor__gamma': None, 'estimator__regressor__max_depth': 5, 'estimator__regressor__min_child_weight': None, 'estimator__regressor__n_estimators': 550}",-0.32857868074771646,-0.3270447068377879,-0.329036287348705,-0.32786912250886313,-0.3358996281235088,-0.3296856851133162,0.003179148621998359,17,-0.15926218527881128,-0.16337430893927704,-0.16153435237773886,-0.1601332438622666,-0.16126028278558746,-0.16111287464873625,0.0013927085342627366
0.2677789211273193,0.03965755215769029,0.0753931999206543,0.00979814068737548,,5,,600,"{'estimator__regressor__gamma': None, 'estimator__regressor__max_depth': 5, 'estimator__regressor__min_child_weight': None, 'estimator__regressor__n_estimators': 600}",-0.3300314650201219,-0.3282791070990727,-0.3307182492934806,-0.32927935634002276,-0.3379140085056207,-0.33124443725166375,0.0034317949244265437,20,-0.15378570386316293,-0.15738404129355302,-0.15606743756894612,-0.15472539716867767,-0.15558129506963103,-0.15550877499279417,0.001217919674476533
0.4605719566345215,0.01897611516014429,0.15270061492919923,0.014979299659273016,,10,25,500,"{'estimator__regressor__gamma': None, 'estimator__regressor__max_depth': 10, 'estimator__regressor__min_child_weight': 25, 'estimator__regressor__n_estimators': 500}",-0.3310087504065807,-0.32462744633836527,-0.33252757506647224,-0.32639057571006813,-0.33442078348256227,-0.32979502620080975,0.0037049087697066615,18,-0.1447206815175959,-0.1477509545575368,-0.1455083565413782,-0.1450605751807279,-0.14323245102555746,-0.14525460376455926,0.001463419250272558
0.5015552520751954,0.027188123568332292,0.16438055038452148,0.010459209860173676,,10,25,550,"{'estimator__regressor__gamma': None, 'estimator__regressor__max_depth': 10, 'estimator__regressor__min_child_weight': 25, 'estimator__regressor__n_estimators': 550}",-0.3319662928152298,-0.3263586845637203,-0.33382456564439694,-0.3266707619626059,-0.3361139388606936,-0.3309868487693293,0.0038819456396068036,19,-0.13947486761370276,-0.14267466164109818,-0.14051464174508385,-0.13960497519930662,-0.1379696568192504,-0.14004776060368837,0.001546697623437692
0.5354508399963379,0.03243327912738442,0.21440305709838867,0.013549156678397433,,10,25,600,"{'estimator__regressor__gamma': None, 'estimator__regressor__max_depth': 10, 'estimator__regressor__min_child_weight': 25, 'estimator__regressor__n_estimators': 600}",-0.33334100113433823,-0.3270822144851662,-0.334704999208,-0.3272956630738801,-0.33803078054399205,-0.33209093168907533,0.004283915875722678,21,-0.13489111296177633,-0.13781615967119082,-0.13577211173663795,-0.13507466196504692,-0.13283206991860627,-0.13527722325065167,0.0016037456037611387
0.3924247264862061,0.024867335620893567,0.1439131259918213,0.011816903601578598,,10,50,500,"{'estimator__regressor__gamma': None, 'estimator__regressor__max_depth': 10, 'estimator__regressor__min_child_weight': 50, 'estimator__regressor__n_estimators': 500}",-0.3161410173722811,-0.3175379564658091,-0.3207145470502986,-0.3176837609382677,-0.32310380307220016,-0.31903621697977136,0.0025226236787942,12,-0.18598517800373848,-0.18738091183752745,-0.1860441971632048,-0.18604543862749884,-0.18603460557110202,-0.18629806624061432,0.0005418736714922531
0.43012561798095705,0.016964939154428503,0.1577136993408203,0.012618780281969557,,10,50,550,"{'estimator__regressor__gamma': None, 'estimator__regressor__max_depth': 10, 'estimator__regressor__min_child_weight': 50, 'estimator__regressor__n_estimators': 550}",-0.3166220600098605,-0.31825266260709884,-0.32092970024221595,-0.3185667287116652,-0.3236677129110961,-0.3196077728963873,0.0024521493903159578,13,-0.18172313497932135,-0.1827998853879534,-0.18174337741731364,-0.1817859355551513,-0.18127856522761668,-0.18186617971347127,0.0005018123943069458
0.5130199909210205,0.09462369310710318,0.18559556007385253,0.03636138903481286,,10,50,600,"{'estimator__regressor__gamma': None, 'estimator__regressor__max_depth': 10, 'estimator__regressor__min_child_weight': 50, 'estimator__regressor__n_estimators': 600}",-0.31800183304522284,-0.31886143092359404,-0.32093711754572735,-0.3187198236617365,-0.3246233265767171,-0.3202287063505996,0.0024049809618135027,15,-0.17742836987774332,-0.17856794379444424,-0.17769364529588783,-0.1780082458028737,-0.17741410250585404,-0.1778224614553606,0.00043102634439179394
0.7349554538726807,0.027357566428174048,0.17365679740905762,0.00943317409497602,,10,,500,"{'estimator__regressor__gamma': None, 'estimator__regressor__max_depth': 10, 'estimator__regressor__min_child_weight': None, 'estimator__regressor__n_estimators': 500}",-0.3533976342158477,-0.347953390802536,-0.3463714303707242,-0.34542297606962014,-0.36820044704526156,-0.3522691757007979,0.008430405374921507,25,-0.040998445330287264,-0.04358907126072002,-0.04472658738298015,-0.04154363862122156,-0.03658469139290844,-0.041488486797623486,0.002799576475903075
0.7715378761291504,0.04501300576803266,0.17004942893981934,0.024552660042876335,,10,,550,"{'estimator__regressor__gamma': None, 'estimator__regressor__max_depth': 10, 'estimator__regressor__min_child_weight': None, 'estimator__regressor__n_estimators': 550}",-0.3533976342158477,-0.347953401508827,-0.34638705730824987,-0.34542297606962014,-0.36820044704526156,-0.35227230322956127,0.008428219852541925,27,-0.04099844958954569,-0.04358906992534718,-0.04471305326647917,-0.04154363722010063,-0.03658469139290844,-0.04148578027887622,0.002796448789734285
0.7256112098693848,0.0494042283339132,0.16735925674438476,0.01618647522076548,,10,,600,"{'estimator__regressor__gamma': None, 'estimator__regressor__max_depth': 10, 'estimator__regressor__min_child_weight': None, 'estimator__regressor__n_estimators': 600}",-0.35339760259177805,-0.3479534336276979,-0.34638702504413615,-0.34542299763906076,-0.36820044704526156,-0.35227230118958686,0.008428216716459278,26,-0.04099844958954569,-0.043589067254601384,-0.04471305326647917,-0.04154363722010063,-0.03658469139290844,-0.04148577974472706,0.0027964483879854988
0.2571090221405029,0.024073177379712412,0.0651926040649414,0.005302710537685095,,,25,500,"{'estimator__regressor__gamma': None, 'estimator__regressor__max_depth': None, 'estimator__regressor__min_child_weight': 25, 'estimator__regressor__n_estimators': 500}",-0.31983608777102707,-0.3135106195981361,-0.319145530840405,-0.31636420311999724,-0.323140903520554,-0.31839946897002386,0.0032602097709222844,10,-0.20794996612405925,-0.2092785324796309,-0.20824813392061825,-0.20927474091050927,-0.2092526131532861,-0.20880079731762075,0.0005807480544853449
0.2742274284362793,0.02841392884157394,0.07380428314208984,0.002056776657512529,,,25,550,"{'estimator__regressor__gamma': None, 'estimator__regressor__max_depth': None, 'estimator__regressor__min_child_weight': 25, 'estimator__regressor__n_estimators': 550}",-0.32059360590265085,-0.3142367975334037,-0.32015705989141313,-0.3166632491584041,-0.32299392939773897,-0.31892892837672215,0.0030968721560540847,11,-0.20426592984523653,-0.20536921595986068,-0.2042410798039312,-0.2051811413652621,-0.2050100031743999,-0.2048134740297381,0.00047118825344606783
0.3012076377868652,0.018058970060612342,0.08204774856567383,0.005452832488963791,,,25,600,"{'estimator__regressor__gamma': None, 'estimator__regressor__max_depth': None, 'estimator__regressor__min_child_weight': 25, 'estimator__regressor__n_estimators': 600}",-0.3212194396300214,-0.31495567112044104,-0.32066166850249034,-0.31737375099744675,-0.3241526524833153,-0.319672636546743,0.0031929912114367666,14,-0.20095897260231096,-0.20226044247066802,-0.20059825075683307,-0.20126363828010335,-0.20137962243714183,-0.20129218530941145,0.0005547175832706345
0.2525911808013916,0.019552079579754703,0.06802382469177246,0.003737229215161902,,,50,500,"{'estimator__regressor__gamma': None, 'estimator__regressor__max_depth': None, 'estimator__regressor__min_child_weight': 50, 'estimator__regressor__n_estimators': 500}",-0.31349537397847094,-0.3120802683142858,-0.3190981011326119,-0.3107172900283277,-0.31626399103510294,-0.31433100489775984,0.003009474082909372,4,-0.23106842903040006,-0.23098278103732423,-0.23227103331293758,-0.23324329215602557,-0.2315701658959422,-0.23182714028652596,0.0008434628961234348
0.27861437797546384,0.03444459409099892,0.07345523834228515,0.005360889979826921,,,50,550,"{'estimator__regressor__gamma': None, 'estimator__regressor__max_depth': None, 'estimator__regressor__min_child_weight': 50, 'estimator__regressor__n_estimators': 550}",-0.3139606196711132,-0.31211787941509783,-0.3188157934651769,-0.3109952820231438,-0.31644658432062045,-0.3144672317790304,0.0028516091137224682,6,-0.22739097786328621,-0.22789454217786737,-0.2288715573863946,-0.2297553805519232,-0.22835515574662835,-0.22845352274521993,0.0008149507564644069
0.28214311599731445,0.030614901386600717,0.08925428390502929,0.009667309986401345,,,50,600,"{'estimator__regressor__gamma': None, 'estimator__regressor__max_depth': None, 'estimator__regressor__min_child_weight': 50, 'estimator__regressor__n_estimators': 600}",-0.3136829041742702,-0.3114994721477071,-0.31859907242172375,-0.31056600787645405,-0.31667595424124356,-0.31420468217227976,0.003041322590275714,3,-0.22444266061525098,-0.2249809757110715,-0.2254377018441401,-0.22686103357459808,-0.22479438625566697,-0.22530335160014553,0.000842399433619349
0.295440673828125,0.012791156944779735,0.06535563468933106,0.017590233643627964,,,,500,"{'estimator__regressor__gamma': None, 'estimator__regressor__max_depth': None, 'estimator__regressor__min_child_weight': None, 'estimator__regressor__n_estimators': 500}",-0.3341046613060929,-0.33337991235058145,-0.3373708420441075,-0.33123508815669717,-0.34840928720431275,-0.33689995821235835,0.006082459138190101,22,-0.11695310675468634,-0.11518687141953796,-0.11877288111670746,-0.1151065036125059,-0.11272966994990613,-0.11574980657066876,0.0020218244697398978
0.3468795299530029,0.03116174618961303,0.0780674934387207,0.0058266908378030976,,,,550,"{'estimator__regressor__gamma': None, 'estimator__regressor__max_depth': None, 'estimator__regressor__min_child_weight': None, 'estimator__regressor__n_estimators': 550}",-0.33547232824512896,-0.3343119437041391,-0.3388306106043464,-0.3327113983002771,-0.3505413483978305,-0.33837352585034436,0.006406838806893236,23,-0.11025511062680571,-0.10951856149216294,-0.11157514121859523,-0.10944200489890603,-0.10679083051507975,-0.10951632975030993,0.0015632259651673626
0.33521599769592286,0.015638325407739552,0.07210726737976074,0.0024963197286301904,,,,600,"{'estimator__regressor__gamma': None, 'estimator__regressor__max_depth': None, 'estimator__regressor__min_child_weight': None, 'estimator__regressor__n_estimators': 600}",-0.33680492236655757,-0.33651798573758884,-0.3398681061884873,-0.33401600648878116,-0.35250466514435796,-0.33994233718515454,0.006549939604280712,24,-0.10480357947600918,-0.10333856699011892,-0.10631364150558584,-0.10394878001057947,-0.10100497301736808,-0.1038819081999323,0.0017515280394550586
